{
  "name" : "IICS_CLI_EXPORT",
  "sourceOrgId" : "9QhlEZ9GTAHlrszpiK2s21",
  "sourceOrgName" : "TE",
  "exportedObjects" : [ {
    "objectGuid" : "4F5VZCJSF4WksbLlgqUk2X",
    "objectName" : "Default",
    "objectType" : "Project",
    "path" : "/Explore",
    "metadata" : {
      "modelVersion" : {
        "major" : 0,
        "minor" : 0
      },
      "repoInfo" : null,
      "objectRefs" : [ ],
      "contextAttributes" : [ {
        "name" : "IS_DEF_LOC",
        "value" : "true"
      } ],
      "additionalInfo" : {
        "description" : "Auto-generated Default Project",
        "contentType" : null,
        "documentState" : "COMPLETE"
      }
    }
  }, {
    "objectGuid" : "klWfzfquViQb19hVDShciP",
    "objectName" : "FlatFile_Connection",
    "objectType" : "Connection",
    "path" : "/SYS",
    "metadata" : {
      "modelVersion" : {
        "major" : 0,
        "minor" : 0
      },
      "repoInfo" : {
        "repoHandle" : "01BQ5Y0B000000000002"
      },
      "objectRefs" : [ "cHuNRIYmc6LkfqcZ8IO86S" ],
      "contextAttributes" : [ {
        "name" : "id",
        "value" : "@1"
      } ],
      "additionalInfo" : {
        "description" : null,
        "contentType" : "JSON",
        "documentState" : "COMPLETE"
      }
    }
  }, {
    "objectGuid" : "cHuNRIYmc6LkfqcZ8IO86S",
    "objectName" : "DESKTOP-8M3CEK8",
    "objectType" : "AgentGroup",
    "path" : "/SYS",
    "metadata" : {
      "modelVersion" : {
        "major" : 0,
        "minor" : 0
      },
      "repoInfo" : {
        "repoHandle" : "01BQ5Y25000000000002"
      },
      "objectRefs" : [ ],
      "contextAttributes" : [ {
        "name" : "id",
        "value" : "@1"
      } ],
      "additionalInfo" : {
        "description" : null,
        "contentType" : "JSON",
        "documentState" : "VALID"
      }
    }
  }, {
    "objectGuid" : "aBm1EWzVfKybX5eSRs9qoK",
    "objectName" : "m_Test_Mapping_1",
    "objectType" : "DTEMPLATE",
    "path" : "/Explore/Default",
    "metadata" : {
      "modelVersion" : {
        "major" : 0,
        "minor" : 0
      },
      "repoInfo" : {
        "repoHandle" : "01BQ5Y17000000000008"
      },
      "objectRefs" : [ "klWfzfquViQb19hVDShciP", "2wBDTN3VR9WdR14qtlNOsK" ],
      "contextAttributes" : [ {
        "name" : "id",
        "value" : "@1"
      } ],
      "additionalInfo" : {
        "description" : "",
        "contentType" : "JSON",
        "documentState" : "VALID"
      }
    }
  }, {
    "objectGuid" : "7p6cvUWn7LBesWTRqE7qQD",
    "objectName" : "m_Test_Mapping_2",
    "objectType" : "DTEMPLATE",
    "path" : "/Explore/Default",
    "metadata" : {
      "modelVersion" : {
        "major" : 0,
        "minor" : 0
      },
      "repoInfo" : {
        "repoHandle" : "01BQ5Y17000000000009"
      },
      "objectRefs" : [ "klWfzfquViQb19hVDShciP", "2wBDTN3VR9WdR14qtlNOsK" ],
      "contextAttributes" : [ {
        "name" : "id",
        "value" : "@1"
      } ],
      "additionalInfo" : {
        "description" : "",
        "contentType" : "JSON",
        "documentState" : "VALID"
      }
    }
  }, {
    "objectGuid" : "2wBDTN3VR9WdR14qtlNOsK",
    "objectName" : "Oracle_Connection",
    "objectType" : "Connection",
    "path" : "/SYS",
    "metadata" : {
      "modelVersion" : {
        "major" : 0,
        "minor" : 0
      },
      "repoInfo" : {
        "repoHandle" : "01BQ5Y0B000000000003"
      },
      "objectRefs" : [ "cHuNRIYmc6LkfqcZ8IO86S" ],
      "contextAttributes" : [ {
        "name" : "id",
        "value" : "@1"
      } ],
      "additionalInfo" : {
        "description" : null,
        "contentType" : "JSON",
        "documentState" : "COMPLETE"
      }
    }
  } ]
}